{
  "crosscorr": {
    "-5": 0.007211927218571321,
    "-4": 0.012357065073500612,
    "-3": 0.02518587195021931,
    "-2": 0.049562935926837866,
    "-1": 0.13534074278645458,
    "0": 0.8411326019440335,
    "1": 0.10985825547274299,
    "2": 0.02201953611540403,
    "3": 0.011155968040390318,
    "4": 0.004634620476740214,
    "5": 0.0015412641930810569
  },
  "peak_lag": 0,
  "best_setting": [
    5,
    30,
    1
  ],
  "best_gross": 0.049841255125458395,
  "gross_by_delta_H": {
    "d1_H10": 0.03927070693721813,
    "d1_H30": 0.047663330952005666,
    "d1_H60": 0.042474568990990336,
    "d2_H10": 0.028915351108702067,
    "d2_H30": 0.035695874437827575,
    "d2_H60": 0.030987901042316055,
    "d5_H10": 0.011115570839300338,
    "d5_H30": 0.012297487155866114,
    "d5_H60": 0.008843835200781315
  }
}