{
  "combo_gross": 0.4492094658660382,
  "combo_top10pct_gross": 1.332851052124394,
  "bootstrap_ci": [
    0.14152945695026137,
    0.7434422449174632
  ],
  "maker_fill_rate": 0.9065155807365439,
  "naive_gross": 1.332851052124394,
  "maker_filled_gross": 0.8308597614927702,
  "maker_net": -6.66914023850723,
  "taker_net": -9.689462510780764
}