{
  "obi1": {
    "gross": 0.3912195829138956,
    "win": 0.5159348441926346,
    "gross_q5": 1.5149108727974472
  },
  "obi5": {
    "gross": 0.36905442676667427,
    "win": 0.5174220963172804,
    "gross_q5": 1.587098841264947
  },
  "obi20": {
    "gross": 0.14235055793204826,
    "win": 0.5110481586402267,
    "gross_q5": 0.8457131230822058
  },
  "obi50": {
    "gross": 0.06556236779589938,
    "win": 0.5060198300283286,
    "gross_q5": -0.1881650335957582
  },
  "obi_wtd": {
    "gross": 0.35405936085995193,
    "win": 0.5147308781869688,
    "gross_q5": 1.149455531219279
  },
  "flow30": {
    "gross": -0.1873283601990079,
    "win": 0.4890934844192635,
    "gross_q5": 0.46133504513731877
  },
  "flow1m": {
    "gross": -0.13171428202198696,
    "win": 0.48824362606232297,
    "gross_q5": 0.3368006010945038
  },
  "flow5m": {
    "gross": -0.1971651199303376,
    "win": 0.48137393767705383,
    "gross_q5": 0.059482764190731785
  },
  "bigflow5m": {
    "gross": -0.1993088686814249,
    "win": 0.48356940509915014,
    "gross_q5": -0.09602054653363504
  },
  "dobi5_30": {
    "gross": 0.5812923581069624,
    "win": 0.5182719546742209,
    "gross_q5": 1.3737242377039527
  },
  "dobi5_60": {
    "gross": 0.42621949732119,
    "win": 0.5114022662889518,
    "gross_q5": 0.3554252797434564
  }
}