{
  "n": 836,
  "fill_rate": 0.9581339712918661,
  "naive": 1.0857097482301894,
  "maker_gross": 0.6352696651219705,
  "maker_net75": -6.864730334878029,
  "maker_net4": -3.3647303348780295,
  "taker_net": -9.9353726464582
}